"zone","V:0","V:1","V:2","p","T","rho","mach","cp","cf:0","cf:1","cf:2","pressureforce:0","pressureforce:1","pressureforce:2","pressuremoment:0","pressuremoment:1","pressuremoment:2","frictionforce:0","frictionforce:1","frictionforce:2","frictionmoment:0","frictionmoment:1","frictionmoment:2","eddy","yplus","var_6","var_7","Cell Type"
4,0,0,0,1.0168e+005,301.22,1.1762,0,0.22466,0.0012245,-2.6052e-018,-0.00017349,-3.1798e-005,0,-0.00022444,0.00011222,0.00022432,-1.5899e-005,1.2355e-006,-2.6286e-021,-1.7505e-007,6.1716e-010,-2.6247e-024,1.2388e-011,0,0.061486,0,1.4372e+008,3
4,0,0,0,1.0169e+005,301.23,1.1763,0,0.23061,0.00090348,-2.6771e-018,-0.00012794,-3.3805e-005,0,-0.00023872,0.00011936,0.00023835,-1.6902e-005,9.4458e-007,-2.7988e-021,-1.3376e-007,4.889e-010,-2.8928e-024,9.8038e-012,0,0.052821,0,1.4369e+008,3
4,0,0,0,1.0168e+005,301.22,1.1762,0,0.22461,0.001225,2.1667e-018,0.00017368,-3.1815e-005,0,0.00022439,-0.00011219,-0.00022427,-1.5907e-005,1.236e-006,2.1861e-021,1.7525e-007,-6.1739e-010,-2.1829e-024,-1.2411e-011,0,0.061497,0,1.4372e+008,3
4,0,0,0,1.0106e+005,300.92,1.1702,0,-0.16427,0.0054444,-5.1028e-018,0.0029672,-9.9412e-005,-0,0.00018241,-9.1204e-005,-5.9561e-006,-4.9706e-005,6.8849e-006,-6.4529e-021,3.7523e-006,3.8225e-009,-2.3397e-025,1.1354e-009,0,0.13706,0,1.446e+008,3
4,0,0,0,1.0109e+005,300.92,1.1705,0,-0.1474,0.005361,-4.7826e-018,0.0030202,-8.8339e-005,-0,0.00015681,-7.8403e-005,-4.9639e-006,-4.4169e-005,6.5457e-006,-5.8395e-021,3.6876e-006,3.4816e-009,-1.9665e-025,1.105e-009,0,0.13662,0,1.4447e+008,3
4,0,0,0,1.0112e+005,300.91,1.1709,0,-0.12975,0.0052554,-1.1105e-018,0.0030611,-7.6981e-005,-0,0.00013216,-6.6081e-005,-4.0579e-006,-3.849e-005,6.1949e-006,-1.309e-021,3.6084e-006,3.155e-009,-4.0939e-026,1.0704e-009,0,0.13591,0,1.4433e+008,3
4,0,0,0,1.0115e+005,300.91,1.1712,0,-0.11131,0.0051238,-7.1651e-018,0.0030865,-6.5356e-005,-0,0.0001085,-5.4249e-005,-3.2326e-006,-3.2678e-005,5.8306e-006,-8.1535e-021,3.5122e-006,2.8417e-009,-2.3679e-025,1.0311e-009,0,0.13488,0,1.4419e+008,3
4,0,0,0,1.0118e+005,300.9,1.1716,0,-0.092072,0.0049599,3.8126e-018,0.0030906,-5.3485e-005,-0,8.5835e-005,-4.2918e-005,-2.4828e-006,-2.6742e-005,5.4482e-006,4.1878e-021,3.3948e-006,2.5395e-009,1.1293e-025,9.8602e-010,0,0.13341,0,1.4404e+008,3
4,0,0,0,1.0121e+005,300.89,1.172,0,-0.072068,0.0047621,-1.5326e-017,0.0030703,-4.1403e-005,-0,6.4216e-005,-3.2108e-005,-1.8043e-006,-2.0702e-005,5.0488e-006,-1.6248e-020,3.2552e-006,2.2494e-009,-4.0679e-025,9.3505e-010,0,0.13146,0,1.4389e+008,3
4,0,0,0,1.0124e+005,300.88,1.1724,0,-0.051269,0.0045178,-6.492e-018,0.0030149,-2.912e-005,-0,4.3636e-005,-2.1818e-005,-1.1915e-006,-1.456e-005,4.6227e-006,-6.6427e-021,3.085e-006,1.9672e-009,-1.5438e-025,8.7609e-010,0,0.12881,0,1.4373e+008,3
4,0,0,0,1.0128e+005,300.87,1.1729,0,-0.030216,0.0042167,-4.0049e-018,0.0029136,-1.6961e-005,-0,2.4547e-005,-1.2273e-005,-6.5183e-007,-8.4804e-006,4.1638e-006,-3.9546e-021,2.877e-006,1.6913e-009,-8.5311e-026,8.0747e-010,0,0.12523,0,1.4356e+008,3
4,0,0,0,1.0131e+005,300.87,1.1733,0,-0.0083704,0.0039144,-3.3851e-018,0.0028013,-4.6416e-006,-0,6.4861e-006,-3.243e-006,-1.6759e-007,-2.3208e-006,3.7299e-006,-3.2256e-021,2.6692e-006,1.4451e-009,-6.4583e-026,7.4008e-010,0,0.12145,0,1.4339e+008,3
4,0,0,0,1.0135e+005,300.87,1.1737,0,0.013986,0.0036935,2.7472e-018,0.002738,7.6585e-006,0,-1.0331e-005,5.1657e-006,2.5989e-007,3.8292e-006,3.3962e-006,2.5261e-021,2.5176e-006,1.2543e-009,4.6939e-026,6.8927e-010,0,0.11879,0,1.4321e+008,3
4,0,0,0,1.0139e+005,300.88,1.1741,0,0.038089,0.0035469,-2.2903e-018,0.0027257,2.059e-005,0,-2.6793e-005,1.3397e-005,6.5675e-007,1.0295e-005,3.1467e-006,-2.0318e-021,2.4182e-006,1.1067e-009,-3.5034e-026,6.536e-010,0,0.11727,0,1.4302e+008,3
4,0,0,0,1.0143e+005,300.88,1.1745,0,0.062724,0.0034622,-3.816e-018,0.0027578,3.3447e-005,0,-4.199e-005,2.0995e-005,1.0033e-006,1.6723e-005,2.9632e-006,-3.266e-021,2.3603e-006,9.9185e-010,-5.2242e-026,6.2931e-010,0,0.11675,0,1.4283e+008,3
4,0,0,0,1.0147e+005,300.89,1.175,0,0.088582,0.0034269,-5.4154e-018,0.0028316,4.6593e-005,0,-5.6388e-005,2.8194e-005,1.3146e-006,2.3296e-005,2.8298e-006,-4.4718e-021,2.3382e-006,9.0066e-010,-6.6364e-026,6.1494e-010,0,0.11711,0,1.4262e+008,3
4,0,0,0,1.0151e+005,300.91,1.1754,0,0.11521,0.0034063,1.0808e-018,0.0029205,5.9735e-005,0,-6.9671e-005,3.4835e-005,1.5858e-006,2.9868e-005,2.7134e-006,8.6093e-022,2.3265e-006,8.2047e-010,1.1851e-026,6.0314e-010,0,0.11776,0,1.4241e+008,3
4,0,0,0,1.0155e+005,300.92,1.1759,0,0.14255,0.0033912,1.5003e-019,0.0030183,7.2818e-005,0,-8.1816e-005,4.0908e-005,1.8195e-006,3.6409e-005,2.6056e-006,1.1528e-022,2.3191e-006,7.4774e-010,1.4714e-027,5.9232e-010,0,0.11856,0,1.4219e+008,3
4,0,0,0,1.016e+005,300.93,1.1763,0,0.17055,0.0033764,-9.7255e-019,0.0031209,8.5798e-005,0,-9.282e-005,4.641e-005,2.0185e-006,4.2899e-005,2.5024e-006,-7.2079e-022,2.313e-006,6.8095e-010,-8.531e-027,5.8181e-010,0,0.11942,0,1.4196e+008,3
4,0,0,0,1.0164e+005,300.95,1.1768,0,0.19916,0.0033565,3.6663e-018,0.0032237,9.8627e-005,0,-0.00010269,5.1345e-005,2.1854e-006,4.9314e-005,2.3996e-006,2.621e-021,2.3046e-006,6.1862e-010,2.876e-026,5.7064e-010,0,0.12027,0,1.4172e+008,3
4,0,0,0,1.0169e+005,300.96,1.1773,0,0.2283,0.0033297,1.2793e-018,0.0033243,0.00011121,0,-0.00011139,5.5695e-005,2.3216e-006,5.5605e-005,2.2957e-006,8.8199e-022,2.292e-006,5.6005e-010,8.9691e-027,5.5824e-010,0,0.12105,0,1.4148e+008,3
4,0,0,0,1.0174e+005,300.98,1.1778,0,0.25769,0.0032952,-3.3588e-018,0.0034215,0.00012341,0,-0.00011886,5.9428e-005,2.4281e-006,6.1707e-005,2.1909e-006,-2.2333e-021,2.275e-006,5.0526e-010,-2.1043e-026,5.4476e-010,0,0.12176,0,1.4123e+008,3
4,0,0,0,1.0178e+005,300.99,1.1783,0,0.28742,0.0032535,-9.7164e-019,0.0035154,0.00013526,0,-0.00012518,6.2592e-005,2.5087e-006,6.7629e-005,2.0862e-006,-6.2304e-022,2.2541e-006,4.5433e-010,-5.4382e-027,5.304e-010,0,0.1224,0,1.4096e+008,3
4,0,0,0,1.0183e+005,301.01,1.1788,0,0.3175,0.0032039,-4.6598e-018,0.0036041,0.00014674,0,-0.00013045,6.5223e-005,2.5666e-006,7.337e-005,1.9812e-006,-2.8816e-021,2.2287e-006,4.0699e-010,-2.3294e-026,5.1502e-010,0,0.12295,0,1.4069e+008,3
4,0,0,0,1.0188e+005,301.02,1.1793,0,0.3478,0.0031452,-4.3271e-018,0.0036856,0.00015776,0,-0.00013463,6.7314e-005,2.6029e-006,7.8879e-005,1.8755e-006,-2.5803e-021,2.1977e-006,3.6299e-010,-1.931e-026,4.9842e-010,0,0.12338,0,1.4041e+008,3
4,0,0,0,1.0193e+005,301.04,1.1798,0,0.37821,0.0030778,-7.8309e-018,0.003759,0.00016825,0,-0.00013776,6.888e-005,2.6193e-006,8.4125e-005,1.7696e-006,-4.5024e-021,2.1612e-006,3.2228e-010,-3.1182e-026,4.8072e-010,0,0.12369,0,1.4012e+008,3
4,0,0,0,1.0198e+005,301.05,1.1803,0,0.40861,0.003002,2.3359e-018,0.0038236,0.00017817,0,-0.00013988,6.9942e-005,2.6179e-006,8.9085e-005,1.6642e-006,1.295e-021,2.1197e-006,2.8487e-010,8.2966e-027,4.6213e-010,0,0.12388,0,1.3982e+008,3
4,0,0,0,1.0203e+005,301.07,1.1808,0,0.43891,0.0029185,-4.0825e-018,0.0038789,0.00018746,0,-0.00014105,7.0524e-005,2.6003e-006,9.3732e-005,1.5599e-006,-2.1821e-021,2.0733e-006,2.5065e-010,-1.2928e-026,4.4276e-010,0,0.12395,0,1.3951e+008,3
4,0,0,0,1.0207e+005,301.08,1.1813,0,0.46899,0.0028276,-1.4195e-018,0.003924,0.00019608,0,-0.0001413,7.065e-005,2.5682e-006,9.8042e-005,1.4572e-006,-7.3152e-022,2.0222e-006,2.1952e-010,-4.0058e-027,4.2274e-010,0,0.12389,0,1.3919e+008,3
4,0,0,0,1.0212e+005,301.1,1.1817,0,0.49875,0.0027302,-2.483e-018,0.0039583,0.00020399,0,-0.0001407,7.0348e-005,2.5232e-006,0.00010199,1.3565e-006,-1.2337e-021,1.9667e-006,1.9133e-010,-6.2412e-027,4.0219e-010,0,0.12369,0,1.3886e+008,3
4,0,0,0,1.0217e+005,301.11,1.1822,0,0.52808,0.0026268,-2.8008e-018,0.0039816,0.00021114,0,-0.0001393,6.9649e-005,2.4669e-006,0.00010557,1.2582e-006,-1.3416e-021,1.9072e-006,1.6595e-010,-6.2672e-027,3.8126e-010,0,0.12337,0,1.3851e+008,3
4,0,0,0,1.0221e+005,301.13,1.1827,0,0.55689,0.0025182,-2.4819e-018,0.0039931,0.00021751,0,-0.00013717,6.8585e-005,2.4008e-006,0.00010876,1.1628e-006,-1.146e-021,1.8438e-006,1.4321e-010,-4.9406e-027,3.6008e-010,0,0.12291,0,1.3816e+008,3
4,0,0,0,1.0226e+005,301.14,1.1832,0,0.58508,0.0024048,-2.3639e-018,0.003992,0.00022309,0,-0.00013439,6.7194e-005,2.3263e-006,0.00011154,1.0705e-006,-1.0523e-021,1.777e-006,1.2294e-010,-4.1839e-027,3.3877e-010,0,0.1223,0,1.3779e+008,3
4,0,0,0,1.023e+005,301.15,1.1836,0,0.61255,0.0022875,-2.7533e-018,0.003978,0.00022785,0,-0.00013102,6.5512e-005,2.2449e-006,0.00011393,9.8153e-007,-1.1814e-021,1.7069e-006,1.0497e-010,-4.3297e-027,3.1747e-010,0,0.12154,0,1.3741e+008,3
4,0,0,0,1.0235e+005,301.17,1.1841,0,0.63923,0.0021679,-2.3902e-018,0.0039523,0.00023181,0,-0.00012715,6.3575e-005,2.1578e-006,0.00011591,8.9666e-007,-9.8861e-022,1.6347e-006,8.9178e-011,-3.3372e-027,2.9642e-010,0,0.12065,0,1.3702e+008,3
4,0,0,0,1.0239e+005,301.18,1.1845,0,0.66505,0.002048,-4.69e-018,0.0039173,0.00023497,0,-0.00012284,6.1422e-005,2.0664e-006,0.00011749,8.1651e-007,-1.8698e-021,1.5618e-006,7.5411e-011,-5.8098e-027,2.759e-010,0,0.11967,0,1.3661e+008,3
4,0,0,0,1.0243e+005,301.19,1.1849,0,0.68997,0.0019291,-4.2169e-018,0.0038744,0.00023735,0,-0.00011818,5.909e-005,1.9718e-006,0.00011868,7.4134e-007,-1.6205e-021,1.4889e-006,6.349e-011,-4.6311e-027,2.5609e-010,0,0.11861,0,1.3619e+008,3
4,0,0,0,1.0246e+005,301.21,1.1853,0,0.71388,0.0018107,-3.583e-018,0.0038214,0.00023895,0,-0.00011322,5.6611e-005,1.8749e-006,0.00011948,6.7068e-007,-1.3271e-021,1.4154e-006,5.3185e-011,-3.4855e-027,2.3689e-010,0,0.11744,0,1.3576e+008,3
4,0,0,0,1.025e+005,301.22,1.1857,0,0.73673,0.0016919,-3.5428e-018,0.0037555,0.0002398,0,-0.00010804,5.4018e-005,1.7767e-006,0.0001199,6.0402e-007,-1.2648e-021,1.3407e-006,4.4288e-011,-3.0501e-027,2.1819e-010,0,0.11611,0,1.3532e+008,3
4,0,0,0,1.0254e+005,301.23,1.186,0,0.75851,0.0015736,-2.6666e-018,0.0036767,0.00023994,0,-0.00010269,5.1345e-005,1.6782e-006,0.00011997,5.4145e-007,-9.1753e-022,1.2651e-006,3.6652e-011,-2.03e-027,2.0009e-010,0,0.11462,0,1.3486e+008,3
4,0,0,0,1.0257e+005,301.24,1.1864,0,0.77921,0.0014575,-4.2915e-018,0.0035882,0.0002394,0,-9.7246e-005,4.8623e-005,1.5801e-006,0.0001197,4.8334e-007,-1.4231e-021,1.1899e-006,3.0161e-011,-2.8858e-027,1.8279e-010,0,0.113,0,1.3438e+008,3
4,0,0,0,1.026e+005,301.25,1.1867,0,0.79881,0.0013451,-3.628e-018,0.0034923,0.00023824,0,-9.1758e-005,4.5879e-005,1.4831e-006,0.00011912,4.2988e-007,-1.1595e-021,1.1161e-006,2.469e-011,-2.1528e-027,1.6644e-010,0,0.1113,0,1.3389e+008,3
4,0,0,0,1.0263e+005,301.26,1.187,0,0.8173,0.0012367,-2.9546e-018,0.0033899,0.00023649,0,-8.6274e-005,4.3137e-005,1.388e-006,0.00011824,3.8091e-007,-9.1003e-022,1.0441e-006,2.0104e-011,-1.5454e-027,1.5106e-010,0,0.1095,0,1.3338e+008,3
4,0,0,0,1.0266e+005,301.27,1.1873,0,0.83468,0.0011326,-2.276e-018,0.0032812,0.0002342,0,-8.0842e-005,4.0421e-005,1.2951e-006,0.0001171,3.3619e-007,-6.7557e-022,9.7395e-007,1.6281e-011,-1.0482e-027,1.3664e-010,0,0.10762,0,1.3286e+008,3
4,0,0,0,1.0268e+005,301.27,1.1876,0,0.85096,0.0010332,-2.5875e-018,0.0031668,0.00023142,0,-7.5498e-005,3.7749e-005,1.2048e-006,0.00011571,2.9554e-007,-7.4016e-022,9.0589e-007,1.311e-011,-1.048e-027,1.2318e-010,0,0.10565,0,1.3232e+008,3
4,0,0,0,1.0271e+005,301.28,1.1878,0,0.86616,0.00093861,-3.9155e-018,0.0030478,0.00022819,0,-7.0274e-005,3.5137e-005,1.1177e-006,0.0001141,2.5874e-007,-1.0794e-021,8.4018e-007,1.0496e-011,-1.3928e-027,1.1067e-010,0,0.1036,0,1.3177e+008,3
4,0,0,0,1.0273e+005,301.29,1.188,0,0.8803,0.00084918,-2.8427e-018,0.002925,0.00022457,0,-6.5198e-005,3.2599e-005,1.0338e-006,0.00011229,2.2558e-007,-7.5514e-022,7.7701e-007,8.3537e-012,-8.8685e-028,9.9112e-011,0,0.10147,0,1.312e+008,3
4,0,0,0,1.0275e+005,301.29,1.1883,0,0.89342,0.00076498,-4.5879e-018,0.002799,0.00022061,0,-6.0293e-005,3.0147e-005,9.5355e-007,0.0001103,1.9582e-007,-1.1744e-021,7.165e-007,6.6076e-012,-1.2535e-027,8.8461e-011,0,0.099274,0,1.3061e+008,3
4,0,0,0,1.0277e+005,301.3,1.1885,0,0.90554,0.0006861,-2.8936e-018,0.0026706,0.00021635,0,-5.558e-005,2.779e-005,8.7698e-007,0.00010817,1.6924e-007,-7.1377e-022,6.5876e-007,5.1938e-012,-6.9126e-028,7.8693e-011,0,0.097005,0,1.3e+008,3
4,0,0,0,1.0279e+005,301.31,1.1886,0,0.91671,0.0006126,-3.1344e-018,0.0025408,0.00021183,0,-5.1073e-005,2.5536e-005,8.0423e-007,0.00010591,1.4561e-007,-7.4502e-022,6.0393e-007,4.0562e-012,-6.536e-028,6.9776e-011,0,0.094677,0,1.2937e+008,3
4,0,0,0,1.028e+005,301.31,1.1888,0,0.92697,0.00054438,-3.0942e-018,0.0024102,0.00020709,0,-4.6776e-005,2.3388e-005,7.3532e-007,0.00010355,1.2468e-007,-7.0869e-022,5.5202e-007,3.1458e-012,-5.6217e-028,6.1663e-011,0,0.092292,0,1.2872e+008,3
4,0,0,0,1.0282e+005,301.32,1.189,0,0.93635,0.00048136,-3.0132e-018,0.0022792,0.00020219,0,-4.2701e-005,2.135e-005,6.7029e-007,0.00010109,1.0623e-007,-6.6499e-022,5.0301e-007,2.4223e-012,-4.7603e-028,5.4307e-011,0,0.089849,0,1.2806e+008,3
4,0,0,0,1.0283e+005,301.32,1.1891,0,0.94492,0.00042342,-3.6065e-018,0.0021486,0.00019715,0,-3.885e-005,1.9425e-005,6.0909e-007,9.8573e-005,9.004e-008,-7.6694e-022,4.5691e-007,1.851e-012,-4.9436e-028,4.7665e-011,0,0.087354,0,1.2737e+008,3
4,0,0,0,1.0285e+005,301.32,1.1892,0,0.9527,0.00037035,-3.7264e-018,0.0020189,0.000192,0,-3.5221e-005,1.7611e-005,5.5166e-007,9.6001e-005,7.5884e-008,-7.6353e-022,4.1366e-007,1.4027e-012,-4.4213e-028,4.1684e-011,0,0.084808,0,1.2667e+008,3
4,0,0,0,1.0286e+005,301.33,1.1894,0,0.95974,0.00032201,-3.4354e-018,0.0018904,0.00018679,0,-3.1817e-005,1.5909e-005,4.9794e-007,9.3393e-005,6.3574e-008,-6.7823e-022,3.7321e-007,1.0538e-012,-3.5188e-028,3.6318e-011,0,0.082212,0,1.2594e+008,3
4,0,0,0,1.0287e+005,301.33,1.1895,0,0.9661,0.00027816,-3.2087e-018,0.0017637,0.00018153,0,-2.863e-005,1.4315e-005,4.4779e-007,9.0764e-005,5.2912e-008,-6.1036e-022,3.3548e-007,7.8401e-013,-2.829e-028,3.1518e-011,0,0.079567,0,1.2519e+008,3
4,0,0,0,1.0288e+005,301.33,1.1896,0,0.97182,0.00023856,-3.927e-018,0.0016389,0.00017625,0,-2.5657e-005,1.2828e-005,4.0111e-007,8.8127e-005,4.3723e-008,-7.1972e-022,3.0037e-007,5.7716e-013,-2.9706e-028,2.7238e-011,0,0.07687,0,1.2443e+008,3
4,0,0,0,1.0288e+005,301.34,1.1896,0,0.97693,0.000203,-3.5173e-018,0.0015164,0.00017099,0,-2.2891e-005,1.1445e-005,3.5776e-007,8.5493e-005,3.5847e-008,-6.211e-022,2.6777e-007,4.1997e-013,-2.2745e-028,2.3433e-011,0,0.074119,0,1.2364e+008,3
4,0,0,0,1.0289e+005,301.34,1.1897,0,0.98148,0.00017123,-3.7484e-018,0.0013964,0.00016574,0,-2.0323e-005,1.0162e-005,3.1758e-007,8.2872e-005,2.9132e-008,-6.3773e-022,2.3758e-007,3.0162e-013,-2.0635e-028,2.006e-011,0,0.071314,0,1.2282e+008,3
4,0,0,0,1.029e+005,301.34,1.1898,0,0.98551,0.000143,-3.7896e-018,0.0012792,0.00016054,0,-1.7947e-005,8.9734e-006,2.8044e-007,8.0272e-005,2.344e-008,-6.2119e-022,2.0969e-007,2.1343e-013,-1.7677e-028,1.708e-011,0,0.068447,0,1.2199e+008,3
4,0,0,0,1.029e+005,301.34,1.1898,0,0.98906,0.00011808,-3.0446e-018,0.0011649,0.0001554,0,-1.5752e-005,7.8762e-006,2.4616e-007,7.7702e-005,1.8648e-008,-4.8082e-022,1.8397e-007,1.485e-013,-1.1967e-028,1.4453e-011,0,0.065513,0,1.2113e+008,3
4,0,0,0,1.0291e+005,301.34,1.1899,0,0.99217,9.6226e-005,-2.9372e-018,0.0010536,0.00015034,0,-1.3731e-005,6.8655e-006,2.1461e-007,7.5169e-005,1.4641e-008,-4.4691e-022,1.603e-007,1.0131e-013,-9.6669e-029,1.2145e-011,0,0.062503,0,1.2025e+008,3
4,0,0,0,1.0291e+005,301.34,1.1899,0,0.99487,7.7222e-005,-4.4503e-018,0.00094534,0.00014535,0,-1.1873e-005,5.9367e-006,1.8563e-007,7.2677e-005,1.132e-008,-6.5238e-022,1.3858e-007,6.755e-014,-1.2172e-028,1.0123e-011,0,0.059406,0,1.1934e+008,3
4,0,0,0,1.0292e+005,301.35,1.19,0,0.9972,6.0839e-005,-3.2457e-018,0.00084032,0.00014046,0,-1.017e-005,5.0848e-006,1.5905e-007,7.0232e-005,8.5922e-009,-4.5839e-022,1.1868e-007,4.3813e-014,-7.3109e-029,8.3583e-012,0,0.056208,0,1.1842e+008,3
4,0,0,0,1.0292e+005,301.35,1.19,0,0.99918,4.6871e-005,-4.0929e-018,0.00073848,0.00013568,0,-8.6113e-006,4.3056e-006,1.3473e-007,6.7838e-005,6.3773e-009,-5.5688e-022,1.0048e-007,2.7481e-014,-7.5088e-029,6.8218e-012,0,0.05289,0,1.1746e+008,3
4,0,0,0,1.0292e+005,301.35,1.19,0,1.0009,3.5113e-005,-3.2734e-018,0.00063985,0.000131,0,-7.1886e-006,3.5943e-006,1.1252e-007,6.5498e-005,4.6026e-009,-4.2908e-022,8.3873e-008,1.6529e-014,-4.8239e-029,5.4888e-012,0,0.049426,0,1.1649e+008,3
4,0,0,0,1.0292e+005,301.35,1.1901,0,1.0022,2.5375e-005,-3.2529e-018,0.00054442,0.00012643,0,-5.8928e-006,2.9464e-006,9.2284e-008,6.3214e-005,3.2045e-009,-4.1079e-022,6.875e-008,9.4206e-015,-3.7825e-029,4.3363e-012,0,0.045779,0,1.1549e+008,3
4,0,0,0,1.0293e+005,301.35,1.1901,0,1.0034,1.7476e-005,-3.8173e-018,0.00045207,0.00012198,0,-4.7153e-006,2.3576e-006,7.3886e-008,6.0988e-005,2.1261e-009,-4.6441e-022,5.4999e-008,4.9959e-015,-3.4199e-029,3.343e-012,0,0.041896,0,1.1446e+008,3
4,0,0,0,1.0293e+005,301.35,1.1901,0,1.0042,1.1249e-005,-3.3664e-018,0.00036277,0.00011764,0,-3.6479e-006,1.8239e-006,5.7194e-008,5.8821e-005,1.3184e-009,-3.9455e-022,4.2517e-008,2.3945e-015,-2.2471e-029,2.4904e-012,0,0.037699,0,1.1341e+008,3
4,0,0,0,1.0293e+005,301.35,1.1901,0,1.0049,6.5401e-006,-3.1127e-018,0.00027654,0.00011343,0,-2.6826e-006,1.3413e-006,4.2086e-008,5.6716e-005,7.3843e-010,-3.5146e-022,3.1224e-008,9.8563e-016,-1.4719e-029,1.7622e-012,0,0.033069,0,1.1234e+008,3
4,0,0,0,1.0293e+005,301.35,1.1901,0,1.0054,3.2048e-006,-4.3609e-018,0.0001934,0.00010934,0,-1.8119e-006,9.0594e-007,2.8444e-008,5.4671e-005,3.4859e-010,-4.7434e-022,2.1037e-008,3.1411e-016,-1.342e-029,1.1439e-012,0,0.027789,0,1.1124e+008,3
4,0,0,0,1.0293e+005,301.35,1.1901,0,1.0057,1.1122e-006,-2.6322e-018,0.00011394,0.00010537,0,-1.0286e-006,5.143e-007,1.6158e-008,5.2687e-005,1.1654e-010,-2.7582e-022,1.1939e-008,5.9599e-017,-4.4317e-030,6.2549e-013,0,0.021437,0,1.1011e+008,3
4,0,0,0,1.0293e+005,301.35,1.1901,0,1.0058,1.2058e-007,-3.2903e-018,3.7554e-005,0.00010153,0,-3.2601e-007,1.63e-007,5.1246e-009,5.0766e-005,1.2172e-011,-3.3214e-022,3.7908e-009,1.9726e-018,-1.6922e-030,1.9133e-013,0,0.012363,0,1.0911e+008,3
4,0,0,0,1.0169e+005,301.23,1.1762,0,0.22578,0.0007851,-8.6928e-019,-0.00011103,-3.4246e-005,0,-0.00024216,0.00012108,0.00024152,-1.7123e-005,8.5044e-007,-9.4162e-022,-1.2027e-007,4.5607e-010,-1.0073e-024,9.1212e-012,0,0.049209,0,1.4385e+008,3
4,0,0,0,1.0168e+005,301.22,1.1761,0,0.22105,0.00078949,5.7445e-020,-0.0001115,-3.469e-005,0,-0.00024563,0.00012282,0.00024472,-1.7345e-005,8.8599e-007,6.4467e-023,-1.2512e-007,4.9226e-010,7.1368e-026,9.8178e-012,0,0.049319,0,1.4401e+008,3
4,0,0,0,1.0167e+005,301.22,1.1761,0,0.21603,0.00081215,-1.4559e-018,-0.00011453,-3.507e-005,0,-0.00024868,0.00012434,0.00024746,-1.7535e-005,9.4416e-007,-1.6926e-021,-1.3315e-007,5.4344e-010,-1.9389e-024,1.0808e-011,0,0.049994,0,1.4415e+008,3
4,0,0,0,1.0166e+005,301.22,1.176,0,0.21131,0.00085949,-2.4763e-019,-0.00012103,-3.5482e-005,0,-0.00025197,0.00012599,0.00025044,-1.7741e-005,1.035e-006,-2.982e-022,-1.4575e-007,6.171e-010,-3.5343e-025,1.2237e-011,0,0.051402,0,1.443e+008,3
4,0,0,0,1.0165e+005,301.22,1.1759,0,0.2067,0.00091194,4.8166e-019,-0.00012822,-3.5896e-005,0,-0.0002553,0.00012765,0.00025343,-1.7948e-005,1.1374e-006,6.0076e-022,-1.5993e-007,7.0243e-010,7.3657e-025,1.3887e-011,0,0.05292,0,1.4444e+008,3
4,0,0,0,1.0165e+005,301.21,1.1758,0,0.20219,0.00095747,-4.7748e-019,-0.00013441,-3.6309e-005,0,-0.00025864,0.00012932,0.00025641,-1.8154e-005,1.2368e-006,-6.1679e-022,-1.7363e-007,7.9106e-010,-7.8221e-025,1.559e-011,0,0.054198,0,1.4457e+008,3
4,0,0,0,1.0164e+005,301.21,1.1757,0,0.19774,0.00099727,-4.2487e-018,-0.00013977,-3.6715e-005,0,-0.00026196,0.00013098,0.00025936,-1.8357e-005,1.334e-006,-5.6834e-021,-1.8697e-007,8.8362e-010,-7.4542e-024,1.7357e-011,0,0.055286,0,1.447e+008,3
4,0,0,0,1.0163e+005,301.21,1.1757,0,0.19335,0.0010339,-7.9279e-019,-0.00014466,-3.7112e-005,0,-0.00026524,0.00013262,0.00026224,-1.8556e-005,1.432e-006,-1.0981e-021,-2.0037e-007,9.8219e-010,-1.4893e-024,1.9229e-011,0,0.056264,0,1.4482e+008,3
4,0,0,0,1.0163e+005,301.21,1.1756,0,0.18901,0.0010684,6.4495e-019,-0.00014924,-3.7496e-005,0,-0.00026845,0.00013422,0.00026503,-1.8748e-005,1.5323e-006,9.2492e-022,-2.1402e-007,1.0881e-009,1.297e-024,2.1229e-011,0,0.057172,0,1.4494e+008,3
4,0,0,0,1.0162e+005,301.21,1.1755,0,0.18469,0.0011016,-2.9119e-018,-0.00015359,-3.7864e-005,0,-0.00027157,0.00013579,0.00026771,-1.8932e-005,1.6355e-006,-4.3232e-021,-2.2803e-007,1.2024e-009,-6.2667e-024,2.3375e-011,0,0.058027,0,1.4506e+008,3
4,0,0,0,1.0161e+005,301.21,1.1754,0,0.18039,0.0011336,-3.417e-018,-0.00015776,-3.8212e-005,0,-0.00027458,0.00013729,0.00027026,-1.9106e-005,1.7421e-006,-5.2515e-021,-2.4245e-007,1.3259e-009,-7.8679e-024,2.5679e-011,0,0.058838,0,1.4517e+008,3
4,0,0,0,1.0161e+005,301.2,1.1754,0,0.1761,0.0011646,-3.9501e-018,-0.00016176,-3.8537e-005,0,-0.00027745,0.00013872,0.00027265,-1.9269e-005,1.8525e-006,-6.2834e-021,-2.5732e-007,1.4594e-009,-9.7285e-024,2.8156e-011,0,0.059614,0,1.4527e+008,3
4,0,0,0,1.016e+005,301.2,1.1753,0,0.17181,0.0011949,-4.0098e-019,-0.00016564,-3.8836e-005,0,-0.00028016,0.00014008,0.00027485,-1.9418e-005,1.967e-006,-6.6009e-022,-2.7268e-007,1.6037e-009,-1.056e-024,3.0818e-011,0,0.060359,0,1.4538e+008,3
4,0,0,0,1.0159e+005,301.2,1.1752,0,0.16752,0.0012245,1.0746e-018,-0.00016939,-3.9105e-005,0,-0.00028268,0.00014134,0.00027685,-1.9552e-005,2.0859e-006,1.8306e-021,-2.8856e-007,1.7599e-009,3.0253e-024,3.368e-011,0,0.061079,0,1.4548e+008,3
4,0,0,0,1.0159e+005,301.2,1.1752,0,0.16322,0.0012535,-2.7385e-018,-0.00017304,-3.9341e-005,0,-0.00028499,0.00014249,0.00027861,-1.9671e-005,2.2094e-006,-4.8268e-021,-3.05e-007,1.9288e-009,-8.2389e-024,3.6756e-011,0,0.061776,0,1.4557e+008,3
4,0,0,0,1.0158e+005,301.2,1.1751,0,0.15892,0.0012821,1.7893e-018,-0.0001766,-3.9541e-005,0,-0.00028707,0.00014353,0.00028012,-1.9771e-005,2.3378e-006,3.2627e-021,-3.2202e-007,2.1115e-009,5.751e-024,4.0061e-011,0,0.062453,0,1.4566e+008,3
4,0,0,0,1.0157e+005,301.2,1.175,0,0.1546,0.0013103,2.4309e-020,-0.00018008,-3.9702e-005,0,-0.00028889,0.00014444,0.00028136,-1.9851e-005,2.4714e-006,4.585e-023,-3.3965e-007,2.309e-009,8.3442e-026,4.3611e-011,0,0.063114,0,1.4575e+008,3
4,0,0,0,1.0156e+005,301.2,1.1749,0,0.15028,0.0013381,-5.7929e-018,-0.00018347,-3.9821e-005,0,-0.00029043,0.00014522,0.0002823,-1.9911e-005,2.6104e-006,-1.1301e-020,-3.5791e-007,2.5225e-009,-2.1229e-023,4.7421e-011,0,0.063758,0,1.4584e+008,3
4,0,0,0,1.0156e+005,301.19,1.1749,0,0.14593,0.0013656,2.5167e-018,-0.00018679,-3.9895e-005,0,-0.00029168,0.00014584,0.00028293,-1.9948e-005,2.7549e-006,5.0769e-021,-3.7682e-007,2.7531e-009,9.8429e-024,5.1507e-011,0,0.064389,0,1.4592e+008,3
4,0,0,0,1.0155e+005,301.19,1.1748,0,0.14158,0.0013929,-5.7811e-020,-0.00019004,-3.9921e-005,0,-0.00029259,0.0001463,0.00028321,-1.9961e-005,2.9053e-006,-1.2058e-022,-3.9639e-007,3.0021e-009,-2.4122e-025,5.5887e-011,0,0.065007,0,1.46e+008,3
4,0,0,0,1.0154e+005,301.19,1.1747,0,0.13721,0.0014198,3.7453e-018,-0.00019322,-3.9896e-005,0,-0.00029316,0.00014658,0.00028314,-1.9948e-005,3.0617e-006,8.0762e-021,-4.1666e-007,3.2709e-009,1.6666e-023,6.0576e-011,0,0.065613,0,1.4608e+008,3
4,0,0,0,1.0154e+005,301.19,1.1746,0,0.13282,0.0014466,-8.4952e-019,-0.00019634,-3.9816e-005,0,-0.00029336,0.00014668,0.00028267,-1.9908e-005,3.2243e-006,-1.8935e-021,-4.3762e-007,3.5607e-009,-4.0299e-024,6.5594e-011,0,0.066207,0,1.4615e+008,3
4,0,0,0,1.0153e+005,301.19,1.1746,0,0.12842,0.001473,2.856e-018,-0.00019939,-3.968e-005,0,-0.00029315,0.00014658,0.00028181,-1.984e-005,3.3933e-006,6.579e-021,-4.593e-007,3.873e-009,1.4437e-023,7.0958e-011,0,0.066791,0,1.4623e+008,3
4,0,0,0,1.0152e+005,301.19,1.1745,0,0.12401,0.0014993,2.2338e-019,-0.00020237,-3.9483e-005,0,-0.00029252,0.00014626,0.00028051,-1.9741e-005,3.5689e-006,5.3172e-022,-4.817e-007,4.2093e-009,1.2028e-024,7.6685e-011,0,0.067365,0,1.4629e+008,3
4,0,0,0,1.0152e+005,301.18,1.1744,0,0.11958,0.0015254,-9.4158e-019,-0.00020529,-3.9223e-005,0,-0.00029144,0.00014572,0.00027877,-1.9611e-005,3.7512e-006,-2.3155e-021,-5.0485e-007,4.5713e-009,-5.398e-024,8.2796e-011,0,0.067929,0,1.4636e+008,3
4,0,0,0,1.0151e+005,301.18,1.1743,0,0.11514,0.0015513,-3.6094e-018,-0.00020814,-3.8896e-005,0,-0.00028989,0.00014494,0.00027655,-1.9448e-005,3.9406e-006,-9.1688e-021,-5.2874e-007,4.9606e-009,-2.2022e-023,8.9308e-011,0,0.068484,0,1.4643e+008,3
4,0,0,0,1.015e+005,301.18,1.1743,0,0.11069,0.0015769,-1.9739e-018,-0.00021093,-3.85e-005,0,-0.00028783,0.00014391,0.00027383,-1.925e-005,4.1371e-006,-5.1785e-021,-5.5338e-007,5.3789e-009,-1.2811e-023,9.624e-011,0,0.06903,0,1.4649e+008,3
4,0,0,0,1.0149e+005,301.18,1.1742,0,0.10623,0.0016024,-7.0916e-018,-0.00021366,-3.8032e-005,0,-0.00028524,0.00014262,0.0002706,-1.9016e-005,4.3409e-006,-1.9211e-020,-5.7879e-007,5.8281e-009,-4.8939e-023,1.0361e-010,0,0.069567,0,1.4655e+008,3
4,0,0,0,1.0149e+005,301.18,1.1741,0,0.10175,0.0016277,-1.6626e-018,-0.00021632,-3.7488e-005,0,-0.00028209,0.00014104,0.00026683,-1.8744e-005,4.5522e-006,-4.6498e-021,-6.0497e-007,6.31e-009,-1.2193e-023,1.1144e-010,0,0.070096,0,1.466e+008,3
4,0,0,0,1.0148e+005,301.18,1.174,0,0.097267,0.0016528,-5.4362e-018,-0.0002189,-3.6866e-005,0,-0.00027835,0.00013917,0.0002625,-1.8433e-005,4.771e-006,-1.5692e-020,-6.319e-007,6.8265e-009,-4.2349e-023,1.1975e-010,0,0.070617,0,1.4666e+008,3
4,0,0,0,1.0147e+005,301.18,1.1739,0,0.092774,0.0016777,-2.4111e-019,-0.00022142,-3.6162e-005,0,-0.00027399,0.00013699,0.00025758,-1.8081e-005,4.9976e-006,-7.1825e-022,-6.596e-007,7.3797e-009,-1.9942e-024,1.2855e-010,0,0.071129,0,1.4671e+008,3
4,0,0,0,1.0147e+005,301.17,1.1739,0,0.088272,0.0017023,-8.7145e-018,-0.00022387,-3.5374e-005,0,-0.00026898,0.00013449,0.00025205,-1.7687e-005,5.2321e-006,-2.6784e-020,-6.8807e-007,7.9716e-009,-7.6478e-023,1.3787e-010,0,0.071634,0,1.4676e+008,3
4,0,0,0,1.0146e+005,301.17,1.1738,0,0.083762,0.0017268,-2.718e-018,-0.00022626,-3.4498e-005,0,-0.0002633,0.00013165,0.0002459,-1.7249e-005,5.4746e-006,-8.6167e-021,-7.173e-007,8.6046e-009,-2.5296e-023,1.4771e-010,0,0.072132,0,1.4681e+008,3
4,0,0,0,1.0145e+005,301.17,1.1737,0,0.079245,0.0017512,4.7604e-018,-0.00022857,-3.3533e-005,0,-0.00025691,0.00012845,0.0002391,-1.6766e-005,5.7253e-006,1.5564e-020,-7.4729e-007,9.2807e-009,4.6959e-023,1.5811e-010,0,0.072621,0,1.4686e+008,3
4,0,0,0,1.0144e+005,301.17,1.1736,0,0.074722,0.0017753,7.3208e-019,-0.00023081,-3.2474e-005,0,-0.00024978,0.00012489,0.00023163,-1.6237e-005,5.9844e-006,2.4678e-021,-7.7804e-007,1.0002e-008,7.6498e-024,1.6907e-010,0,0.073104,0,1.4691e+008,3
4,0,0,0,1.0144e+005,301.17,1.1736,0,0.070192,0.0017992,-1.3426e-018,-0.00023298,-3.132e-005,0,-0.00024188,0.00012094,0.00022347,-1.566e-005,6.2518e-006,-4.6652e-021,-8.0953e-007,1.0772e-008,-1.4852e-023,1.8061e-010,0,0.07358,0,1.4695e+008,3
4,0,0,0,1.0143e+005,301.17,1.1735,0,0.065658,0.001823,-5.4335e-018,-0.00023508,-3.0068e-005,0,-0.00023318,0.00011659,0.0002146,-1.5034e-005,6.5278e-006,-1.9456e-020,-8.4177e-007,1.1591e-008,-6.3592e-023,1.9274e-010,0,0.074049,0,1.4699e+008,3
4,0,0,0,1.0142e+005,301.17,1.1734,0,0.061119,0.0018466,-6.4875e-018,-0.0002371,-2.8716e-005,0,-0.00022364,0.00011182,0.000205,-1.4358e-005,6.8125e-006,-2.3933e-020,-8.7472e-007,1.2464e-008,-8.0278e-023,2.0549e-010,0,0.074512,0,1.4703e+008,3
4,0,0,0,1.0142e+005,301.16,1.1733,0,0.056576,0.00187,-1.2922e-018,-0.00023906,-2.726e-005,0,-0.00021324,0.00010662,0.00019467,-1.363e-005,7.1057e-006,-4.9103e-021,-9.0837e-007,1.3391e-008,-1.6896e-023,2.1884e-010,0,0.074968,0,1.4707e+008,3
4,0,0,0,1.0141e+005,301.16,1.1732,0,0.052029,0.0018932,-6.5748e-018,-0.00024093,-2.57e-005,0,-0.00020195,0.00010097,0.00018357,-1.285e-005,7.4078e-006,-2.5726e-020,-9.4271e-007,1.4376e-008,-9.0768e-023,2.3282e-010,0,0.075418,0,1.4711e+008,3
4,0,0,0,1.014e+005,301.16,1.1732,0,0.047479,0.0019163,-8.7191e-018,-0.00024274,-2.4032e-005,0,-0.00018972,9.4862e-005,0.0001717,-1.2016e-005,7.7187e-006,-3.5119e-020,-9.7771e-007,1.5422e-008,-1.2701e-022,2.4744e-010,0,0.075861,0,1.4715e+008,3
4,0,0,0,1.0139e+005,301.16,1.1731,0,0.042926,0.0019392,1.3131e-018,-0.00024447,-2.2256e-005,0,-0.00017654,8.827e-005,0.00015905,-1.1128e-005,8.0385e-006,5.443e-021,-1.0134e-006,1.653e-008,2.0167e-023,2.627e-010,0,0.076299,0,1.4718e+008,3
4,0,0,0,1.0139e+005,301.16,1.173,0,0.03837,0.001962,3.3558e-018,-0.00024613,-2.0368e-005,0,-0.00016237,8.1183e-005,0.00014559,-1.0184e-005,8.3674e-006,1.4312e-020,-1.0497e-006,1.7703e-008,5.4303e-023,2.786e-010,0,0.076732,0,1.4722e+008,3
4,0,0,0,1.0138e+005,301.16,1.1729,0,0.033812,0.0019847,-5.2903e-018,-0.00024772,-1.8369e-005,0,-0.00014717,7.3584e-005,0.00013132,-9.1845e-006,8.7053e-006,-2.3205e-020,-1.0866e-006,1.8945e-008,-9.0126e-023,2.9515e-010,0,0.07716,0,1.4725e+008,3
4,0,0,0,1.0137e+005,301.16,1.1729,0,0.029251,0.0020072,-1.6913e-019,-0.00024923,-1.6256e-005,0,-0.00013092,6.5458e-005,0.00011623,-8.128e-006,9.0523e-006,-7.6277e-022,-1.124e-006,2.0257e-008,-3.031e-024,3.1233e-010,0,0.077583,0,1.4728e+008,3
4,0,0,0,1.0136e+005,301.15,1.1728,0,0.024688,0.0020296,-8.6412e-018,-0.00025068,-1.4029e-005,0,-0.00011358,5.679e-005,0.00010032,-7.0143e-006,9.4083e-006,-4.0057e-020,-1.162e-006,2.1642e-008,-1.6277e-022,3.3015e-010,0,0.078002,0,1.4731e+008,3
4,0,0,0,1.0136e+005,301.15,1.1727,0,0.020123,0.0020519,-5.9931e-018,-0.00025205,-1.1686e-005,0,-9.5132e-005,4.7566e-005,8.3576e-005,-5.8429e-006,9.7733e-006,-2.8546e-020,-1.2005e-006,2.3102e-008,-1.1856e-022,3.4859e-010,0,0.078416,0,1.4734e+008,3
4,0,0,0,1.0135e+005,301.15,1.1726,0,0.015555,0.002074,1.3627e-018,-0.00025334,-9.2275e-006,0,-7.5541e-005,3.7771e-005,6.5999e-005,-4.6137e-006,1.0147e-005,6.6671e-021,-1.2395e-006,2.4639e-008,2.8288e-023,3.6764e-010,0,0.078825,0,1.4737e+008,3
4,0,0,0,1.0134e+005,301.15,1.1725,0,0.010985,0.0020961,2.1043e-019,-0.00025457,-6.6532e-006,0,-5.4782e-005,2.7391e-005,4.7589e-005,-3.3266e-006,1.053e-005,1.0572e-021,-1.2789e-006,2.6256e-008,4.5798e-024,3.8728e-010,0,0.07923,0,1.4739e+008,3
4,0,0,0,1.0134e+005,301.15,1.1725,0,0.0064122,0.002118,4.5237e-018,-0.00025571,-3.9632e-006,0,-3.2826e-005,1.6413e-005,2.8348e-005,-1.9816e-006,1.0921e-005,2.3326e-020,-1.3186e-006,2.7955e-008,1.0312e-022,4.0749e-010,0,0.079631,0,1.4742e+008,3
4,0,0,0,1.0133e+005,301.15,1.1724,0,0.0018362,0.0021399,-2.2078e-018,-0.00025679,-1.1575e-006,0,-9.6457e-006,4.8228e-006,8.2792e-006,-5.7875e-007,1.1322e-005,-1.1681e-020,-1.3586e-006,2.9737e-008,-5.2669e-023,4.2823e-010,0,0.080028,0,1.4745e+008,3
4,0,0,0,1.0132e+005,301.15,1.1723,0,-0.0027433,0.0021616,-4.0321e-018,-0.00025779,1.7629e-006,-0,1.4782e-005,-7.3912e-006,-1.2609e-005,8.8145e-007,1.173e-005,-2.1881e-020,-1.3989e-006,3.1604e-008,-1.0057e-022,4.4949e-010,0,0.080422,0,1.4747e+008,3
4,0,0,0,1.0131e+005,301.15,1.1722,0,-0.0073272,0.0021833,1.108e-017,-0.00025872,4.7972e-006,-0,4.0484e-005,-2.0242e-005,-3.4307e-005,2.3986e-006,1.2148e-005,6.1649e-020,-1.4395e-006,3.3559e-008,2.8865e-022,4.7121e-010,0,0.080812,0,1.4749e+008,3
4,0,0,0,1.0131e+005,301.14,1.1721,0,-0.011916,0.002205,7.2483e-018,-0.00025957,7.9438e-006,-0,6.7479e-005,-3.374e-005,-5.6802e-005,3.9719e-006,1.2573e-005,4.1331e-020,-1.4801e-006,3.5601e-008,1.9702e-022,4.9337e-010,0,0.0812,0,1.4751e+008,3
4,0,0,0,1.013e+005,301.14,1.1721,0,-0.01651,0.0022266,6.7623e-018,-0.00026036,1.1201e-005,-0,9.5789e-005,-4.7895e-005,-8.0078e-005,5.6004e-006,1.3007e-005,3.9502e-020,-1.5209e-006,3.7732e-008,1.916e-022,5.1591e-010,0,0.081584,0,1.4754e+008,3
4,0,0,0,1.0129e+005,301.14,1.172,0,-0.02111,0.0022481,3.3096e-018,-0.00026106,1.4566e-005,-0,0.00012543,-6.2716e-005,-0.00010411,7.283e-006,1.3448e-005,1.9797e-020,-1.5616e-006,3.9953e-008,9.764e-023,5.3877e-010,0,0.081966,0,1.4756e+008,3
4,0,0,0,1.0128e+005,301.14,1.1719,0,-0.025717,0.0022696,1.0871e-017,-0.0002617,1.8036e-005,-0,0.00015642,-7.8212e-005,-0.00012889,9.0182e-006,1.3897e-005,6.6562e-020,-1.6023e-006,4.2263e-008,3.336e-022,5.6189e-010,0,0.082346,0,1.4758e+008,3
4,0,0,0,1.0128e+005,301.14,1.1718,0,-0.030332,0.0022911,-4.749e-018,-0.00026226,2.1609e-005,-0,0.00018878,-9.4389e-005,-0.00015437,1.0804e-005,1.4353e-005,-2.975e-020,-1.6429e-006,4.4664e-008,-1.5141e-022,5.8522e-010,0,0.082723,0,1.4759e+008,3
4,0,0,0,1.0127e+005,301.14,1.1717,0,-0.034955,0.0023126,2.2807e-018,-0.00026274,2.528e-005,-0,0.00022251,-0.00011125,-0.00018054,1.264e-005,1.4816e-005,1.4611e-020,-1.6833e-006,4.7155e-008,7.5468e-023,6.0868e-010,0,0.083098,0,1.4761e+008,3
4,0,0,0,1.0126e+005,301.14,1.1717,0,-0.039588,0.0023341,3.8883e-018,-0.00026315,2.9045e-005,-0,0.00025762,-0.00012881,-0.00020736,1.4522e-005,1.5285e-005,2.5463e-020,-1.7233e-006,4.9734e-008,1.3337e-022,6.3218e-010,0,0.083471,0,1.4763e+008,3
4,0,0,0,1.0125e+005,301.13,1.1716,0,-0.044231,0.0023555,8.2008e-018,-0.00026348,3.2899e-005,-0,0.00029412,-0.00014706,-0.00023478,1.645e-005,1.5761e-005,5.4872e-020,-1.7629e-006,5.24e-008,2.9126e-022,6.5564e-010,0,0.083843,0,1.4765e+008,3
4,0,0,0,1.0125e+005,301.13,1.1715,0,-0.048887,0.0023769,6.0228e-018,-0.00026373,3.6838e-005,-0,0.00033201,-0.000166,-0.00026278,1.8419e-005,1.6242e-005,4.1154e-020,-1.8021e-006,5.5153e-008,2.2122e-022,6.7898e-010,0,0.084212,0,1.4766e+008,3
4,0,0,0,1.0124e+005,301.13,1.1714,0,-0.053555,0.0023984,6.5843e-018,-0.00026391,4.0855e-005,-0,0.00037129,-0.00018565,-0.0002913,2.0427e-005,1.6728e-005,4.5924e-020,-1.8407e-006,5.7989e-008,2.4979e-022,7.0209e-010,0,0.084581,0,1.4768e+008,3
4,0,0,0,1.0123e+005,301.13,1.1713,0,-0.058238,0.0024199,1.0786e-017,-0.000264,4.4943e-005,-0,0.00041197,-0.00020598,-0.0003203,2.2472e-005,1.722e-005,7.6754e-020,-1.8786e-006,6.0906e-008,4.2214e-022,7.2487e-010,0,0.084948,0,1.4769e+008,3
4,0,0,0,1.0122e+005,301.13,1.1713,0,-0.062936,0.0024415,-4.0421e-018,-0.00026402,4.9097e-005,-0,0.00045402,-0.00022701,-0.00034973,2.4548e-005,1.7716e-005,-2.933e-020,-1.9157e-006,6.3901e-008,-1.6299e-022,7.4723e-010,0,0.085315,0,1.4771e+008,3
4,0,0,0,1.0122e+005,301.13,1.1712,0,-0.067652,0.0024631,-1.3005e-017,-0.00026395,5.3307e-005,-0,0.00049745,-0.00024873,-0.00037954,2.6654e-005,1.8216e-005,-9.6175e-020,-1.952e-006,6.6971e-008,-5.3955e-022,7.6904e-010,0,0.085681,0,1.4772e+008,3
4,0,0,0,1.0121e+005,301.13,1.1711,0,-0.072386,0.0024849,-1.9131e-017,-0.0002638,5.7566e-005,-0,0.00054224,-0.00027112,-0.00040965,2.8783e-005,1.8719e-005,-1.4411e-019,-1.9872e-006,7.0111e-008,-8.1558e-022,7.9019e-010,0,0.086047,0,1.4773e+008,3
4,0,0,0,1.012e+005,301.13,1.171,0,-0.07714,0.0025067,-1.2919e-017,-0.00026357,6.1865e-005,-0,0.00058837,-0.00029419,-0.00044002,3.0932e-005,1.9225e-005,-9.908e-020,-2.0214e-006,7.3316e-008,-5.6517e-022,8.1056e-010,0,0.086413,0,1.4774e+008,3
4,0,0,0,1.0119e+005,301.13,1.1709,0,-0.081915,0.0025286,3.3467e-018,-0.00026325,6.6193e-005,-0,0.00063581,-0.00031791,-0.00047058,3.3097e-005,1.9733e-005,2.6117e-020,-2.0543e-006,7.6582e-008,1.5003e-022,8.3003e-010,0,0.08678,0,1.4776e+008,3
4,0,0,0,1.0119e+005,301.12,1.1708,0,-0.086713,0.0025507,1.7129e-018,-0.00026284,7.0541e-005,-0,0.00068455,-0.00034227,-0.00050125,3.5271e-005,2.0243e-005,1.3594e-020,-2.086e-006,7.9901e-008,7.8583e-023,8.4846e-010,0,0.087147,0,1.4777e+008,3
4,0,0,0,1.0118e+005,301.12,1.1708,0,-0.091536,0.0025729,-3.0096e-018,-0.00026234,7.4897e-005,-0,0.00073454,-0.00036727,-0.00053198,3.7449e-005,2.0753e-005,-2.4276e-020,-2.1161e-006,8.3269e-008,-1.4109e-022,8.6573e-010,0,0.087514,0,1.4778e+008,3
4,0,0,0,1.0117e+005,301.12,1.1707,0,-0.096383,0.0025952,1.5649e-018,-0.00026175,7.9249e-005,-0,0.00078575,-0.00039287,-0.00056267,3.9624e-005,2.1264e-005,1.2822e-020,-2.1447e-006,8.6677e-008,7.4855e-023,8.817e-010,0,0.087883,0,1.4779e+008,3
4,0,0,0,1.0116e+005,301.12,1.1706,0,-0.10126,0.0026177,8.2896e-018,-0.00026105,8.3584e-005,-0,0.00083814,-0.00041907,-0.00059327,4.1792e-005,2.1775e-005,6.8955e-020,-2.1715e-006,9.0117e-008,4.04e-022,8.9625e-010,0,0.088253,0,1.478e+008,3
4,0,0,0,1.0116e+005,301.12,1.1705,0,-0.10616,0.0026404,-1.8944e-017,-0.00026026,8.7889e-005,-0,0.00089166,-0.00044583,-0.00062368,4.3945e-005,2.2284e-005,-1.5988e-019,-2.1965e-006,9.3583e-008,-9.3928e-022,9.0923e-010,0,0.088624,0,1.4781e+008,3
4,0,0,0,1.0115e+005,301.12,1.1704,0,-0.1111,0.0026633,7.6849e-018,-0.00025936,9.215e-005,-0,0.00094626,-0.00047313,-0.00065383,4.6075e-005,2.2792e-005,6.5766e-020,-2.2196e-006,9.7065e-008,3.8705e-022,9.2052e-010,0,0.088997,0,1.4781e+008,3
4,0,0,0,1.0114e+005,301.12,1.1703,0,-0.11606,0.0026864,-2.2264e-018,-0.00025835,9.6351e-005,-0,0.0010019,-0.00050094,-0.00068364,4.8176e-005,2.3297e-005,-1.9308e-020,-2.2405e-006,1.0055e-007,-1.1373e-022,9.3e-010,0,0.089372,0,1.4782e+008,3
4,0,0,0,1.0113e+005,301.12,1.1702,0,-0.12106,0.0027098,-1.5552e-017,-0.00025723,0.00010048,-0,0.0010585,-0.00052924,-0.00071302,5.0239e-005,2.3799e-005,-1.3659e-019,-2.2592e-006,1.0404e-007,-8.0448e-022,9.3754e-010,0,0.089749,0,1.4783e+008,3
4,0,0,0,1.0112e+005,301.11,1.1701,0,-0.12609,0.0027334,-9.6747e-018,-0.00025599,0.00010451,-0,0.0011159,-0.00055797,-0.00074189,5.2256e-005,2.4297e-005,-8.5998e-020,-2.2755e-006,1.0752e-007,-5.0598e-022,9.4302e-010,0,0.090128,0,1.4784e+008,3
4,0,0,0,1.0112e+005,301.11,1.1701,0,-0.13116,0.0027573,2.9812e-018,-0.00025462,0.00010844,-0,0.0011742,-0.00058712,-0.00077016,5.4219e-005,2.479e-005,2.6804e-020,-2.2893e-006,1.1097e-007,1.5739e-022,9.4633e-010,0,0.09051,0,1.4784e+008,3
4,0,0,0,1.0111e+005,301.11,1.17,0,-0.13626,0.0027814,-3.4639e-018,-0.00025313,0.00011223,-0,0.0012333,-0.00061664,-0.00079774,5.6117e-005,2.5277e-005,-3.148e-020,-2.3004e-006,1.1439e-007,-1.843e-022,9.4737e-010,0,0.090895,0,1.4785e+008,3
4,0,0,0,1.011e+005,301.11,1.1699,0,-0.1414,0.0028059,-5.7873e-018,-0.00025149,0.00011588,-0,0.0012929,-0.00064647,-0.00082455,5.7942e-005,2.5758e-005,-5.3129e-020,-2.3087e-006,1.1776e-007,-3.098e-022,9.4604e-010,0,0.091284,0,1.4786e+008,3
4,0,0,0,1.0109e+005,301.11,1.1698,0,-0.14658,0.0028306,3.9942e-018,-0.00024971,0.00011937,-0,0.0013531,-0.00067657,-0.0008505,5.9685e-005,2.6232e-005,3.7016e-020,-2.3141e-006,1.2108e-007,2.1478e-022,9.4226e-010,0,0.091675,0,1.4786e+008,3
4,0,0,0,1.0108e+005,301.11,1.1697,0,-0.15179,0.0028557,3.3136e-018,-0.00024777,0.00012267,-0,0.0014138,-0.00070691,-0.00087552,6.1334e-005,2.6698e-005,3.0979e-020,-2.3164e-006,1.2433e-007,1.7868e-022,9.3597e-010,0,0.092069,0,1.4787e+008,3
4,0,0,0,1.0107e+005,301.11,1.1696,0,-0.15705,0.0028811,4.5792e-018,-0.00024567,0.00012576,-0,0.0014749,-0.00073743,-0.00089951,6.288e-005,2.7155e-005,4.316e-020,-2.3155e-006,1.2751e-007,2.472e-022,9.2711e-010,0,0.092468,0,1.4787e+008,3
4,0,0,0,1.0107e+005,301.11,1.1695,0,-0.16234,0.0029069,-1.1365e-017,-0.00024341,0.00012863,-0,0.0015361,-0.00076806,-0.00092239,6.4313e-005,2.7603e-005,-1.0792e-019,-2.3113e-006,1.3059e-007,-6.1319e-022,9.1565e-010,0,0.09287,0,1.4788e+008,3
4,0,0,0,1.0106e+005,301.1,1.1694,0,-0.16767,0.002933,3.6571e-018,-0.00024096,0.00013124,-0,0.0015975,-0.00079875,-0.00094409,6.5621e-005,2.804e-005,3.4962e-020,-2.3036e-006,1.3358e-007,1.9686e-022,9.0157e-010,0,0.093276,0,1.4788e+008,3
4,0,0,0,1.0105e+005,301.1,1.1693,0,-0.17303,0.0029596,7.5674e-018,-0.00023833,0.00013358,-0,0.0016589,-0.00082943,-0.00096452,6.6792e-005,2.8466e-005,7.2785e-020,-2.2923e-006,1.3645e-007,4.0572e-022,8.8486e-010,0,0.093686,0,1.4788e+008,3
4,0,0,0,1.0104e+005,301.1,1.1692,0,-0.17843,0.0029865,-6.4846e-018,-0.00023549,0.00013564,-0,0.0017201,-0.00086005,-0.00098362,6.7818e-005,2.8879e-005,-6.2707e-020,-2.2772e-006,1.392e-007,-3.4568e-022,8.6554e-010,0,0.0941,0,1.4789e+008,3
4,0,0,0,1.0103e+005,301.1,1.1691,0,-0.18387,0.0030137,9.8439e-019,-0.00023244,0.00013737,-0,0.0017811,-0.00089055,-0.0010013,6.8687e-005,2.928e-005,9.5639e-021,-2.2583e-006,1.4181e-007,5.2084e-023,8.4365e-010,0,0.094517,0,1.4789e+008,3
4,0,0,0,1.0102e+005,301.1,1.169,0,-0.18934,0.0030413,-7.2299e-018,-0.00022917,0.00013878,-0,0.0018417,-0.00092084,-0.0010176,6.9389e-005,2.9667e-005,-7.0525e-020,-2.2355e-006,1.4428e-007,-3.7902e-022,8.1926e-010,0,0.094939,0,1.4789e+008,3
4,0,0,0,1.0101e+005,301.1,1.1689,0,-0.19484,0.0030694,-8.831e-018,-0.00022567,0.00013982,-0,0.0019017,-0.00095086,-0.0010323,6.9911e-005,3.0039e-005,-8.6427e-020,-2.2086e-006,1.466e-007,-4.579e-022,7.9247e-010,0,0.095366,0,1.4789e+008,3
4,0,0,0,1.0101e+005,301.1,1.1688,0,-0.20037,0.0030979,-5.8685e-018,-0.00022192,0.00014049,-0,0.0019611,-0.00098054,-0.0010454,7.0244e-005,3.0397e-005,-5.7583e-020,-2.1776e-006,1.4875e-007,-3.0043e-022,7.6339e-010,0,0.095796,0,1.479e+008,3
4,0,0,0,1.01e+005,301.1,1.1687,0,-0.20593,0.0031268,-2.3495e-018,-0.00021792,0.00014076,-0,0.0020196,-0.0010098,-0.0010569,7.0379e-005,3.0739e-005,-2.3098e-020,-2.1424e-006,1.5073e-007,-1.1854e-022,7.3217e-010,0,0.096231,0,1.479e+008,3
4,0,0,0,1.0099e+005,301.09,1.1686,0,-0.21152,0.0031561,-4.0308e-018,-0.00021365,0.00014061,-0,0.0020771,-0.0010386,-0.0010668,7.0305e-005,3.1064e-005,-3.9673e-020,-2.1029e-006,1.5253e-007,-2.0009e-022,6.9896e-010,0,0.096671,0,1.479e+008,3
4,0,0,0,1.0098e+005,301.09,1.1685,0,-0.21712,0.0031859,-2.7308e-018,-0.00020909,0.00014003,-0,0.0021335,-0.0010668,-0.0010749,7.0013e-005,3.1373e-005,-2.6892e-020,-2.059e-006,1.5414e-007,-1.3313e-022,6.6395e-010,0,0.097116,0,1.479e+008,3
4,0,0,0,1.0097e+005,301.09,1.1684,0,-0.22275,0.0032161,7.1339e-018,-0.00020424,0.00013899,-0,0.0021887,-0.0010943,-0.0010813,6.9496e-005,3.1664e-005,7.0236e-020,-2.0108e-006,1.5556e-007,3.4095e-022,6.2735e-010,0,0.097565,0,1.479e+008,3
4,0,0,0,1.0096e+005,301.09,1.1684,0,-0.22839,0.0032467,-1.0547e-017,-0.00019908,0.00013749,-0,0.0022424,-0.0011212,-0.001086,6.8746e-005,3.1936e-005,-1.0375e-019,-1.9582e-006,1.5677e-007,-4.933e-022,5.894e-010,0,0.098018,0,1.479e+008,3
4,0,0,0,1.0095e+005,301.09,1.1683,0,-0.23405,0.0032778,1.1873e-018,-0.00019359,0.00013551,-0,0.0022945,-0.0011472,-0.0010889,6.7755e-005,3.219e-005,1.166e-020,-1.9011e-006,1.5778e-007,5.4247e-023,5.5036e-010,0,0.098477,0,1.479e+008,3
4,0,0,0,1.0094e+005,301.09,1.1682,0,-0.23971,0.0033094,2.8596e-018,-0.00018776,0.00013304,-0,0.0023448,-0.0011724,-0.0010901,6.6518e-005,3.2424e-005,2.8017e-020,-1.8396e-006,1.5858e-007,1.2741e-022,5.1048e-010,0,0.098939,0,1.479e+008,3
4,0,0,0,1.0093e+005,301.09,1.1681,0,-0.24538,0.0033413,2.1529e-018,-0.00018158,0.00013006,-0,0.0023933,-0.0011967,-0.0010895,6.5031e-005,3.2638e-005,2.103e-020,-1.7737e-006,1.5917e-007,9.3372e-023,4.7007e-010,0,0.099406,0,1.479e+008,3
4,0,0,0,1.0092e+005,301.08,1.168,0,-0.25104,0.0033737,-3.612e-018,-0.00017503,0.00012658,-0,0.0024398,-0.0012199,-0.0010871,6.329e-005,3.2832e-005,-3.5151e-020,-1.7034e-006,1.5954e-007,-1.5222e-022,4.2944e-010,0,0.099877,0,1.479e+008,3
4,0,0,0,1.0092e+005,301.08,1.1679,0,-0.2567,0.0034066,4.3307e-018,-0.0001681,0.00012258,-0,0.0024841,-0.001242,-0.0010831,6.1291e-005,3.3006e-005,4.1959e-020,-1.6287e-006,1.597e-007,1.7703e-022,3.8889e-010,0,0.10035,0,1.479e+008,3
4,0,0,0,1.0091e+005,301.08,1.1678,0,-0.26235,0.0034398,-5.9665e-018,-0.00016078,0.00011807,-0,0.0025261,-0.001263,-0.0010773,5.9035e-005,3.3158e-005,-5.7513e-020,-1.5498e-006,1.5964e-007,-2.3618e-022,3.4874e-010,0,0.10083,0,1.4789e+008,3
4,0,0,0,1.009e+005,301.08,1.1677,0,-0.26798,0.0034735,-7.9456e-019,-0.00015304,0.00011304,-0,0.0025657,-0.0012828,-0.0010699,5.6521e-005,3.3288e-005,-7.6148e-021,-1.4667e-006,1.5936e-007,-3.0402e-023,3.0934e-010,0,0.10131,0,1.4789e+008,3
4,0,0,0,1.0089e+005,301.08,1.1676,0,-0.27358,0.0035075,6.1542e-018,-0.00014487,0.0001075,-0,0.0026027,-0.0013014,-0.0010609,5.375e-005,3.3397e-005,5.8598e-020,-1.3794e-006,1.5886e-007,2.2723e-022,2.7101e-010,0,0.1018,0,1.4789e+008,3
4,0,0,0,1.0088e+005,301.08,1.1675,0,-0.27916,0.003542,9.6686e-019,-0.00013627,0.00010145,-0,0.0026371,-0.0013185,-0.0010503,5.0727e-005,3.3484e-005,9.1402e-021,-1.2882e-006,1.5816e-007,3.4388e-023,2.3408e-010,0,0.10229,0,1.4789e+008,3
4,0,0,0,1.0087e+005,301.07,1.1674,0,-0.2847,0.0035768,-1.8694e-018,-0.0001272,9.4909e-005,-0,0.0026687,-0.0013343,-0.0010381,4.7454e-005,3.3549e-005,-1.7535e-020,-1.1931e-006,1.5724e-007,-6.3941e-023,1.9887e-010,0,0.10278,0,1.4788e+008,3
4,0,0,0,1.0086e+005,301.07,1.1673,0,-0.2902,0.0036118,7.7493e-019,-0.00011767,8.7878e-005,-0,0.0026974,-0.0013487,-0.0010246,4.3939e-005,3.359e-005,7.207e-021,-1.0943e-006,1.5611e-007,2.5446e-023,1.6569e-010,0,0.10328,0,1.4788e+008,3
4,0,0,0,1.0085e+005,301.07,1.1672,0,-0.29565,0.0036471,-5.9536e-018,-0.00010765,8.0378e-005,-0,0.0027233,-0.0013616,-0.0010097,4.0189e-005,3.3609e-005,-5.4863e-020,-9.9197e-007,1.5479e-007,-1.8736e-022,1.3484e-010,0,0.10378,0,1.4787e+008,3
4,0,0,0,1.0084e+005,301.07,1.1671,0,-0.30105,0.0036828,-3.9636e-018,-9.713e-005,7.2424e-005,-0,0.0027461,-0.001373,-0.00099343,3.6212e-005,3.3605e-005,-3.6168e-020,-8.8629e-007,1.5327e-007,-1.1935e-022,1.0661e-010,0,0.10428,0,1.4787e+008,3
4,0,0,0,1.0084e+005,301.07,1.167,0,-0.30639,0.0037188,-1.3311e-018,-8.6103e-005,6.4038e-005,-0,0.0027658,-0.0013829,-0.00097599,3.2019e-005,3.358e-005,-1.2019e-020,-7.7748e-007,1.5156e-007,-3.8287e-023,8.125e-011,0,0.10478,0,1.4786e+008,3
4,0,0,0,1.0083e+005,301.07,1.1669,0,-0.31166,0.0037551,-1.6355e-018,-7.4554e-005,5.5243e-005,-0,0.0027825,-0.0013912,-0.0009574,2.7621e-005,3.3532e-005,-1.4605e-020,-6.6573e-007,1.4968e-007,-4.4865e-023,5.9001e-011,0,0.10528,0,1.4786e+008,3
4,0,0,0,1.0082e+005,301.06,1.1668,0,-0.31686,0.0037917,-5.5986e-020,-6.2469e-005,4.6063e-005,-0,0.0027959,-0.001398,-0.00093776,2.3031e-005,3.3462e-005,-4.9407e-022,-5.5128e-007,1.4763e-007,-1.4622e-024,4.0071e-011,0,0.10579,0,1.4785e+008,3
4,0,0,0,1.0081e+005,301.06,1.1667,0,-0.32198,0.0038285,-3.7178e-018,-4.9835e-005,3.6527e-005,-0,0.0028062,-0.0014031,-0.00091717,1.8264e-005,3.337e-005,-3.2404e-020,-4.3437e-007,1.4542e-007,-9.2305e-023,2.4639e-011,0,0.1063,0,1.4785e+008,3
4,0,0,0,1.008e+005,301.06,1.1666,0,-0.32701,0.0038656,-2.7278e-018,-3.6641e-005,2.6666e-005,-0,0.0028133,-0.0014066,-0.00089571,1.3333e-005,3.3257e-005,-2.3468e-020,-3.1523e-007,1.4305e-007,-6.428e-023,1.2853e-011,0,0.10681,0,1.4784e+008,3
4,0,0,0,1.008e+005,301.06,1.1666,0,-0.33196,0.0039029,-2.6434e-018,-2.2876e-005,1.6512e-005,-0,0.0028171,-0.0014086,-0.00087347,8.2561e-006,3.3122e-005,-2.2433e-020,-1.9414e-007,1.4055e-007,-5.9028e-023,4.8285e-012,0,0.10732,0,1.4783e+008,3
4,0,0,0,1.0079e+005,301.06,1.1665,0,-0.3368,0.0039404,-1.9706e-018,-8.5268e-006,6.0976e-006,-0,0.0028178,-0.0014089,-0.00085057,3.0488e-006,3.2967e-005,-1.6487e-020,-7.1339e-008,1.3791e-007,-4.1636e-023,6.4578e-013,0,0.10784,0,1.4782e+008,3
4,0,0,0,1.0078e+005,301.06,1.1664,0,-0.34154,0.0039781,-1.9334e-018,6.4191e-006,-4.5429e-006,-0,0.0028153,-0.0014077,-0.00082707,-2.2714e-006,3.2792e-005,-1.5937e-020,5.2913e-008,1.3515e-007,-3.8592e-023,3.5191e-013,0,0.10835,0,1.4782e+008,3
4,0,0,0,1.0077e+005,301.05,1.1663,0,-0.34617,0.0040159,-2.4005e-018,2.1968e-005,-1.537e-005,-0,0.0028097,-0.0014049,-0.00080308,-7.6849e-006,3.2596e-005,-1.9484e-020,1.7831e-007,1.3229e-007,-4.5201e-023,3.9585e-012,0,0.10887,0,1.4781e+008,3
4,0,0,0,1.0077e+005,301.05,1.1662,0,-0.35068,0.004054,-9.1487e-019,3.8134e-005,-2.6348e-005,-0,0.002801,-0.0014005,-0.00077869,-1.3174e-005,3.2382e-005,-7.3077e-021,3.046e-007,1.2932e-007,-1.6227e-023,1.1443e-011,0,0.10938,0,1.478e+008,3
4,0,0,0,1.0076e+005,301.05,1.1662,0,-0.35508,0.0040921,-2.9379e-018,5.4926e-005,-3.7439e-005,-0,0.0027893,-0.0013946,-0.000754,-1.872e-005,3.2148e-005,-2.3081e-020,4.3151e-007,1.2627e-007,-4.9011e-023,2.2749e-011,0,0.1099,0,1.4779e+008,3
4,0,0,0,1.0075e+005,301.05,1.1661,0,-0.35934,0.0041303,-4.6572e-018,7.2354e-005,-4.8605e-005,-0,0.0027746,-0.0013873,-0.00072909,-2.4303e-005,3.1897e-005,-3.5965e-020,5.5876e-007,1.2314e-007,-7.2971e-023,3.7789e-011,0,0.11042,0,1.4778e+008,3
4,0,0,0,1.0074e+005,301.05,1.166,0,-0.36348,0.0041686,-1.5224e-018,9.0429e-005,-5.9807e-005,-0,0.002757,-0.0013785,-0.00070404,-2.9904e-005,3.1627e-005,-1.155e-020,6.8608e-007,1.1995e-007,-2.2373e-023,5.6444e-011,0,0.11093,0,1.4777e+008,3
4,0,0,0,1.0074e+005,301.04,1.166,0,-0.36748,0.0042068,-1.9477e-018,0.00010915,-7.1007e-005,-0,0.0027366,-0.0013683,-0.00067894,-3.5504e-005,3.1339e-005,-1.451e-020,8.1316e-007,1.1669e-007,-2.6808e-023,7.8564e-011,0,0.11145,0,1.4776e+008,3
4,0,0,0,1.0073e+005,301.04,1.1659,0,-0.37133,0.0042451,-3.0322e-018,0.00012854,-8.2168e-005,-0,0.0027136,-0.0013568,-0.00065387,-4.1084e-005,3.1036e-005,-2.2169e-020,9.3978e-007,1.134e-007,-3.9036e-023,1.0398e-010,0,0.11196,0,1.4774e+008,3
4,0,0,0,1.0073e+005,301.04,1.1658,0,-0.37504,0.0042833,-1.245e-018,0.0001486,-9.3252e-005,-0,0.0026879,-0.0013439,-0.0006289,-4.6626e-005,3.0716e-005,-8.928e-021,1.0657e-006,1.1007e-007,-1.4971e-023,1.3249e-010,0,0.11248,0,1.4773e+008,3
4,0,0,0,1.0072e+005,301.04,1.1658,0,-0.3786,0.0043216,-8.4212e-018,0.00016935,-0.00010422,-0,0.0026597,-0.0013298,-0.00060409,-5.2111e-005,3.0382e-005,-5.9204e-020,1.1906e-006,1.0672e-007,-9.4467e-023,1.6387e-010,0,0.11299,0,1.4772e+008,3
4,0,0,0,1.0072e+005,301.04,1.1657,0,-0.382,0.0043598,-3.2949e-018,0.00019078,-0.00011505,-0,0.0026291,-0.0013145,-0.00057953,-5.7523e-005,3.0034e-005,-2.2699e-020,1.3143e-006,1.0335e-007,-3.4436e-023,1.9791e-010,0,0.1135,0,1.4771e+008,3
4,0,0,0,1.0071e+005,301.03,1.1657,0,-0.38525,0.004398,-1.1943e-018,0.00021292,-0.00012569,-0,0.0025962,-0.0012981,-0.00055527,-6.2844e-005,2.9673e-005,-8.0581e-021,1.4365e-006,9.9985e-008,-1.1614e-023,2.3434e-010,0,0.11401,0,1.4769e+008,3
4,0,0,0,1.0071e+005,301.03,1.1656,0,-0.38833,0.0044362,-1.8032e-019,0.00023576,-0.00013612,-0,0.0025612,-0.0012806,-0.00053136,-6.8059e-005,2.93e-005,-1.191e-021,1.5572e-006,9.6623e-008,-1.6296e-024,2.7291e-010,0,0.11453,0,1.4768e+008,3
4,0,0,0,1.007e+005,301.03,1.1656,0,-0.39125,0.0044743,-1.568e-018,0.00025933,-0.0001463,-0,0.0025242,-0.0012621,-0.00050785,-7.3151e-005,2.8915e-005,-1.0133e-020,1.6759e-006,9.3275e-008,-1.3153e-023,3.1334e-010,0,0.11504,0,1.4766e+008,3
4,0,0,0,1.007e+005,301.03,1.1655,0,-0.394,0.0045124,-5.5061e-018,0.00028363,-0.00015622,-0,0.0024853,-0.0012426,-0.0004848,-7.8108e-005,2.852e-005,-3.48e-020,1.7927e-006,8.995e-008,-4.282e-023,3.5538e-010,0,0.11555,0,1.4764e+008,3
4,0,0,0,1.0069e+005,301.03,1.1655,0,-0.39657,0.0045504,-2.256e-018,0.00030868,-0.00016583,-0,0.0024446,-0.0012223,-0.00046224,-8.2915e-005,2.8115e-005,-1.3938e-020,1.9072e-006,8.6655e-008,-1.6246e-023,3.9875e-010,0,0.11606,0,1.4763e+008,3
4,0,0,0,1.0069e+005,301.03,1.1655,0,-0.39897,0.0045883,-6.0036e-018,0.00033447,-0.00017512,-0,0.0024023,-0.0012012,-0.00044021,-8.756e-005,2.7701e-005,-3.6245e-020,2.0193e-006,8.3396e-008,-3.9991e-023,4.4316e-010,0,0.11657,0,1.4761e+008,3
4,0,0,0,1.0068e+005,301.02,1.1654,0,-0.40119,0.0046261,-1.1447e-017,0.00036104,-0.00018406,-0,0.0023585,-0.0011792,-0.00041874,-9.2032e-005,2.7278e-005,-6.7497e-020,2.1289e-006,8.0181e-008,-7.045e-023,4.8836e-010,0,0.11708,0,1.4759e+008,3
4,0,0,0,1.0068e+005,301.02,1.1654,0,-0.40323,0.0046638,-4.9451e-018,0.00038838,-0.00019264,-0,0.0023133,-0.0011567,-0.00039786,-9.6321e-005,2.6849e-005,-2.8468e-020,2.2358e-006,7.7016e-008,-2.8089e-023,5.3408e-010,0,0.11758,0,1.4757e+008,3
4,0,0,0,1.0068e+005,301.02,1.1654,0,-0.40509,0.0047013,-2.4117e-018,0.00041651,-0.00020084,-0,0.0022669,-0.0011335,-0.0003776,-0.00010042,2.6412e-005,-1.3549e-020,2.34e-006,7.3904e-008,-1.263e-023,5.8006e-010,0,0.11809,0,1.4755e+008,3
4,0,0,0,1.0068e+005,301.02,1.1653,0,-0.40675,0.0047385,-4.0068e-019,0.00044543,-0.00020863,-0,0.0022194,-0.0011097,-0.00035796,-0.00010431,2.5969e-005,-2.1959e-021,2.4411e-006,7.0849e-008,-1.9325e-024,6.2604e-010,0,0.11859,0,1.4753e+008,3
4,0,0,0,1.0067e+005,301.02,1.1653,0,-0.40823,0.0047755,-2.4717e-018,0.00047516,-0.000216,-0,0.0021709,-0.0010855,-0.00033898,-0.000108,2.5521e-005,-1.3209e-020,2.5393e-006,6.7857e-008,-1.0968e-023,6.7179e-010,0,0.1191,0,1.4751e+008,3
4,0,0,0,1.0067e+005,301.01,1.1653,0,-0.40952,0.0048123,1.3025e-018,0.00050572,-0.00022295,-0,0.0021216,-0.0010608,-0.00032064,-0.00011148,2.5068e-005,6.7849e-021,2.6343e-006,6.4934e-008,5.3125e-024,7.171e-010,0,0.1196,0,1.4748e+008,3
4,0,0,0,1.0067e+005,301.01,1.1653,0,-0.41061,0.0048489,1.8143e-018,0.00053712,-0.00022946,-0,0.0020715,-0.0010357,-0.00030298,-0.00011473,2.4611e-005,9.2087e-021,2.7263e-006,6.2081e-008,6.7949e-024,7.6177e-010,0,0.1201,0,1.4746e+008,3
4,0,0,0,1.0067e+005,301.01,1.1653,0,-0.4115,0.0048853,-6.8573e-019,0.0005694,-0.00023552,-0,0.0020207,-0.0010104,-0.00028598,-0.00011776,2.4152e-005,-3.3902e-021,2.815e-006,5.9302e-008,-2.356e-024,8.056e-010,0,0.1206,0,1.4743e+008,3
4,0,0,0,1.0067e+005,301.01,1.1653,0,-0.41219,0.0049215,-3.9683e-018,0.00060255,-0.00024113,-0,0.0019695,-0.00098475,-0.00026964,-0.00012057,2.3691e-005,-1.9103e-020,2.9006e-006,5.6599e-008,-1.2496e-023,8.4842e-010,0,0.1211,0,1.4741e+008,3
4,0,0,0,1.0067e+005,301.01,1.1653,0,-0.41268,0.0049574,-4.4431e-018,0.00063661,-0.00024628,-0,0.0019179,-0.00095893,-0.00025397,-0.00012314,2.3228e-005,-2.0818e-020,2.9828e-006,5.3975e-008,-1.2812e-023,8.9007e-010,0,0.12159,0,1.4738e+008,3
4,0,0,0,1.0067e+005,301,1.1653,0,-0.41296,0.0049931,-7.1977e-019,0.00067159,-0.00025097,-0,0.0018659,-0.00093297,-0.00023897,-0.00012549,2.2764e-005,-3.2815e-021,3.0619e-006,5.143e-008,-1.8989e-024,9.3041e-010,0,0.12209,0,1.4735e+008,3
4,0,0,0,1.0067e+005,301,1.1653,0,-0.41303,0.0050286,-1.1902e-017,0.0007075,-0.00025519,-0,0.0018138,-0.00090689,-0.00022461,-0.0001276,2.23e-005,-5.278e-020,3.1376e-006,4.8965e-008,-2.8702e-023,9.693e-010,0,0.12259,0,1.4732e+008,3
4,0,0,0,1.0067e+005,301,1.1653,0,-0.41288,0.0050637,-2.5111e-018,0.00074438,-0.00025896,-0,0.0017615,-0.00088077,-0.0002109,-0.00012948,2.1836e-005,-1.0829e-020,3.21e-006,4.6581e-008,-5.5312e-024,1.0066e-009,0,0.12309,0,1.4729e+008,3
4,0,0,0,1.0067e+005,301,1.1653,0,-0.41252,0.0050985,-9.1232e-018,0.00078225,-0.00026225,-0,0.0017093,-0.00085464,-0.00019782,-0.00013113,2.1373e-005,-3.8244e-020,3.2792e-006,4.4279e-008,-1.834e-023,1.0423e-009,0,0.12358,0,1.4726e+008,3
4,0,0,0,1.0067e+005,301,1.1653,0,-0.41193,0.005133,-4.2038e-018,0.00082113,-0.00026508,-0,0.0016571,-0.00082853,-0.00018536,-0.00013254,2.0911e-005,-1.7125e-020,3.3451e-006,4.2059e-008,-7.7061e-024,1.0763e-009,0,0.12408,0,1.4722e+008,3
4,0,0,0,1.0067e+005,301,1.1653,0,-0.41112,0.0051671,-8.0157e-018,0.00086102,-0.00026745,-0,0.001605,-0.0008025,-0.00017351,-0.00013373,2.045e-005,-3.1724e-020,3.4077e-006,3.9918e-008,-1.3389e-023,1.1084e-009,0,0.12457,0,1.4719e+008,3
4,0,0,0,1.0067e+005,300.99,1.1654,0,-0.41008,0.0052005,-4.9478e-018,0.00090193,-0.00026937,-0,0.0015532,-0.00077658,-0.00016225,-0.00013468,1.9991e-005,-1.9019e-020,3.467e-006,3.7857e-008,-7.525e-024,1.1387e-009,0,0.12506,0,1.4715e+008,3
4,0,0,0,1.0067e+005,300.99,1.1654,0,-0.40879,0.0052334,2.7814e-019,0.00094389,-0.00027082,-0,0.0015016,-0.00075078,-0.00015156,-0.00013541,1.9533e-005,1.0381e-021,3.523e-006,3.5875e-008,3.8488e-025,1.167e-009,0,0.12555,0,1.4712e+008,3
4,0,0,0,1.0068e+005,300.99,1.1654,0,-0.40727,0.0052657,-7.8665e-018,0.00098694,-0.00027184,-0,0.0014503,-0.00072517,-0.00014142,-0.00013592,1.9079e-005,-2.8502e-020,3.5759e-006,3.3971e-008,-9.8972e-024,1.1934e-009,0,0.12603,0,1.4708e+008,3
4,0,0,0,1.0068e+005,300.99,1.1655,0,-0.40551,0.0052977,-4.9069e-018,0.0010312,-0.00027241,-0,0.0013996,-0.00069979,-0.00013183,-0.00013621,1.8628e-005,-1.7253e-020,3.6257e-006,3.2146e-008,-5.6092e-024,1.2179e-009,0,0.12652,0,1.4704e+008,3
4,0,0,0,1.0068e+005,300.99,1.1655,0,-0.40347,0.0053291,-1.9195e-017,0.0010765,-0.00027254,-0,0.0013492,-0.00067459,-0.00012276,-0.00013627,1.818e-005,-6.5484e-020,3.6725e-006,3.0397e-008,-1.9924e-023,1.2404e-009,0,0.12701,0,1.4699e+008,3
4,0,0,0,1.0068e+005,300.98,1.1656,0,-0.40117,0.0053598,-2.0406e-017,0.001123,-0.00027224,-0,0.0012993,-0.00064966,-0.00011418,-0.00013612,1.7736e-005,-6.7525e-020,3.7162e-006,2.8722e-008,-1.9219e-023,1.2609e-009,0,0.12749,0,1.4695e+008,3
4,0,0,0,1.0069e+005,300.98,1.1656,0,-0.39863,0.0053899,-4.6798e-018,0.0011707,-0.00027153,-0,0.0012501,-0.00062503,-0.00010609,-0.00013576,1.7296e-005,-1.5018e-020,3.7569e-006,2.712e-008,-3.9969e-024,1.2795e-009,0,0.12797,0,1.469e+008,3
4,0,0,0,1.0069e+005,300.98,1.1657,0,-0.3958,0.0054194,8.9577e-018,0.0012197,-0.00027039,-0,0.0012014,-0.00060069,-9.8467e-005,-0.0001352,1.6861e-005,2.787e-020,3.7949e-006,2.559e-008,6.9335e-024,1.2963e-009,0,0.12845,0,1.4686e+008,3
4,0,0,0,1.007e+005,300.98,1.1657,0,-0.39266,0.0054481,-1.0004e-017,0.00127,-0.00026883,-0,0.0011533,-0.00057663,-9.1277e-005,-0.00013441,1.643e-005,-3.0171e-020,3.83e-006,2.4129e-008,-7.0136e-024,1.3111e-009,0,0.12893,0,1.4681e+008,3
4,0,0,0,1.007e+005,300.98,1.1658,0,-0.38924,0.0054757,-1.4509e-017,0.0013214,-0.00026687,-0,0.0011059,-0.00055293,-8.4517e-005,-0.00013344,1.6004e-005,-4.2404e-020,3.8621e-006,2.2734e-008,-9.2075e-024,1.324e-009,0,0.1294,0,1.4676e+008,3
4,0,0,0,1.0071e+005,300.98,1.1659,0,-0.38552,0.0055024,-2.7259e-018,0.0013742,-0.00026453,-0,0.0010592,-0.0005296,-7.8164e-005,-0.00013226,1.5582e-005,-7.7193e-021,3.8914e-006,2.1405e-008,-1.5651e-024,1.3351e-009,0,0.12987,0,1.467e+008,3
4,0,0,0,1.0072e+005,300.97,1.166,0,-0.38148,0.0055279,-3.8488e-018,0.0014282,-0.00026178,-0,0.0010132,-0.00050661,-7.2197e-005,-0.00013089,1.5164e-005,-1.0558e-020,3.9179e-006,2.0138e-008,-1.9982e-024,1.3443e-009,0,0.13034,0,1.4665e+008,3
4,0,0,0,1.0072e+005,300.97,1.1661,0,-0.37709,0.0055517,-1.0726e-018,0.0014834,-0.00025863,-0,0.00096792,-0.00048396,-6.6594e-005,-0.00012932,1.475e-005,-2.8497e-021,3.9413e-006,1.893e-008,-5.0325e-025,1.3516e-009,0,0.13079,0,1.4659e+008,3
4,0,0,0,1.0073e+005,300.97,1.1662,0,-0.37238,0.0055738,5.414e-018,0.0015398,-0.00025511,-0,0.00092344,-0.00046172,-6.1345e-005,-0.00012756,1.434e-005,1.3929e-020,3.9616e-006,1.778e-008,2.2946e-024,1.357e-009,0,0.13123,0,1.4653e+008,3
4,0,0,0,1.0074e+005,300.97,1.1663,0,-0.36732,0.0055944,-2.8314e-018,0.0015976,-0.00025123,-0,0.00087977,-0.00043989,-5.6431e-005,-0.00012561,1.3935e-005,-7.0526e-021,3.9792e-006,1.6688e-008,-1.0835e-024,1.3608e-009,0,0.13167,0,1.4647e+008,3
4,0,0,0,1.0075e+005,300.97,1.1664,0,-0.3619,0.0056136,-4.5121e-018,0.0016566,-0.00024697,-0,0.00083689,-0.00041844,-5.1833e-005,-0.00012348,1.3535e-005,-1.0879e-020,3.9942e-006,1.565e-008,-1.5582e-024,1.3629e-009,0,0.1321,0,1.4641e+008,3
4,0,0,0,1.0076e+005,300.96,1.1665,0,-0.35608,0.0056313,-2.0022e-018,0.001717,-0.00024233,-0,0.00079478,-0.00039739,-4.7533e-005,-0.00012117,1.3141e-005,-4.6722e-021,4.0067e-006,1.4665e-008,-6.2369e-025,1.3634e-009,0,0.13252,0,1.4634e+008,3
4,0,0,0,1.0077e+005,300.96,1.1666,0,-0.34985,0.0056473,-3.2763e-018,0.0017788,-0.00023733,-0,0.00075347,-0.00037674,-4.3515e-005,-0.00011866,1.2752e-005,-7.3979e-021,4.0166e-006,1.3732e-008,-9.2018e-025,1.3624e-009,0,0.13294,0,1.4627e+008,3
4,0,0,0,1.0078e+005,300.96,1.1667,0,-0.34323,0.0056615,1.8632e-019,0.0018419,-0.00023198,-0,0.00071304,-0.00035652,-3.9769e-005,-0.00011599,1.2368e-005,4.0704e-022,4.024e-006,1.2848e-008,4.7163e-026,1.3599e-009,0,0.13335,0,1.462e+008,3
4,0,0,0,1.0079e+005,300.96,1.1669,0,-0.33617,0.0056741,-1.1344e-017,0.0019065,-0.00022628,-0,0.00067345,-0.00033672,-3.6276e-005,-0.00011314,1.1991e-005,-2.3973e-020,4.0291e-006,1.2011e-008,-2.5869e-024,1.356e-009,0,0.13375,0,1.4612e+008,3
4,0,0,0,1.008e+005,300.96,1.167,0,-0.32867,0.0056846,-1.2014e-017,0.0019724,-0.00022022,-0,0.00063469,-0.00031734,-3.3022e-005,-0.00011011,1.1619e-005,-2.4556e-020,4.0317e-006,1.1219e-008,-2.4672e-024,1.3507e-009,0,0.13415,0,1.4605e+008,3
4,0,0,0,1.0081e+005,300.96,1.1672,0,-0.32069,0.0056928,-1.3749e-018,0.0020396,-0.00021381,-0,0.00059677,-0.00029839,-2.9993e-005,-0.00010691,1.1253e-005,-2.7177e-021,4.0317e-006,1.047e-008,-2.5418e-025,1.344e-009,0,0.13453,0,1.4597e+008,3
4,0,0,0,1.0083e+005,300.95,1.1673,0,-0.31222,0.0056983,4.3042e-018,0.002108,-0.00020705,-0,0.00055969,-0.00027984,-2.7176e-005,-0.00010352,1.0891e-005,8.2267e-021,4.0291e-006,9.7619e-009,7.1608e-025,1.3359e-009,0,0.13489,0,1.4588e+008,3
4,0,0,0,1.0084e+005,300.95,1.1675,0,-0.30323,0.0057012,-1.7995e-017,0.0021776,-0.00019993,-0,0.00052344,-0.00026172,-2.4558e-005,-9.9965e-005,1.0535e-005,-3.3252e-020,4.024e-006,9.0929e-009,-2.6931e-024,1.3266e-009,0,0.13525,0,1.458e+008,3
4,0,0,0,1.0086e+005,300.95,1.1677,0,-0.29373,0.0057016,-5.3418e-018,0.0022485,-0.00019249,-0,0.00048811,-0.00024405,-2.2132e-005,-9.6246e-005,1.0185e-005,-9.5418e-021,4.0165e-006,8.462e-009,-7.1893e-025,1.316e-009,0,0.13559,0,1.4571e+008,3
4,0,0,0,1.0087e+005,300.95,1.1679,0,-0.28367,0.0056993,-5.974e-018,0.0023207,-0.00018469,-0,0.00045359,-0.0002268,-1.9879e-005,-9.2347e-005,9.8399e-006,-1.0314e-020,4.0067e-006,7.8672e-009,-7.2282e-025,1.3044e-009,0,0.13592,0,1.4561e+008,3
4,0,0,0,1.0089e+005,300.95,1.1681,0,-0.27304,0.005694,-5.5725e-018,0.0023939,-0.00017657,-0,0.00041998,-0.00020999,-1.7795e-005,-8.8285e-005,9.5007e-006,-9.2979e-021,3.9943e-006,7.3067e-009,-6.0596e-025,1.2915e-009,0,0.13623,0,1.4552e+008,3
4,0,0,0,1.0091e+005,300.94,1.1683,0,-0.26179,0.0056851,-3.0953e-018,0.002468,-0.00016808,-0,0.00038718,-0.00019359,-1.5863e-005,-8.4041e-005,9.1661e-006,-4.9906e-021,3.9793e-006,6.7782e-009,-3.0241e-025,1.2775e-009,0,0.13652,0,1.4542e+008,3
4,0,0,0,1.0093e+005,300.94,1.1685,0,-0.24995,0.0056719,-2.8689e-018,0.0025427,-0.00015928,-0,0.00035531,-0.00017766,-1.408e-005,-7.9642e-005,8.8358e-006,-4.4692e-021,3.961e-006,6.2801e-009,-2.5176e-025,1.2621e-009,0,0.13678,0,1.4531e+008,3
4,0,0,0,1.0095e+005,300.94,1.1688,0,-0.23743,0.005653,-4.2755e-018,0.0026173,-0.00015013,-0,0.00032426,-0.00016213,-1.2432e-005,-7.5063e-005,8.5078e-006,-6.4345e-021,3.9389e-006,5.8096e-009,-3.3692e-025,1.2453e-009,0,0.137,0,1.452e+008,3
4,0,0,0,1.0097e+005,300.94,1.169,0,-0.22425,0.0056274,-7.4807e-018,0.002691,-0.00014064,-0,0.00029412,-0.00014706,-1.0913e-005,-7.0322e-005,8.1812e-006,-1.0875e-020,3.9121e-006,5.3651e-009,-5.2923e-025,1.2268e-009,0,0.13716,0,1.4509e+008,3
4,0,0,0,1.0099e+005,300.93,1.1693,0,-0.21039,0.0055956,-4.4651e-018,0.002764,-0.00013084,-0,0.00026488,-0.00013244,-9.5138e-006,-6.5419e-005,7.8574e-006,-6.2699e-021,3.8812e-006,4.9462e-009,-2.8352e-025,1.2068e-009,0,0.13727,0,1.4498e+008,3
4,0,0,0,1.0101e+005,300.93,1.1696,0,-0.19577,0.005557,-3.09e-018,0.0028359,-0.00012068,-0,0.00023648,-0.00011824,-8.2253e-006,-6.0342e-005,7.5363e-006,-4.1905e-021,3.846e-006,4.5518e-009,-1.7606e-025,1.1854e-009,0,0.13732,0,1.4486e+008,3
4,0,0,0,1.0104e+005,300.93,1.1699,0,-0.1804,0.0055083,1.0701e-018,0.0029047,-0.0001102,-0,0.00020898,-0.00010449,-7.0414e-006,-5.5101e-005,7.2139e-006,1.4014e-021,3.8041e-006,4.1784e-009,5.4702e-026,1.1619e-009,0,0.13727,0,1.4473e+008,3
